{"cameraMode":{"drawMode":0,"name":"Shaded","section":"Shading Mode"},"sceneLighting":true,"audioPlay":false,"sceneViewState":{"m_AlwaysRefresh":false,"showFog":true,"showSkybox":true,"showFlares":true,"showImageEffects":true,"showParticleSystems":true,"showVisualEffectGraphs":true,"m_FxEnabled":true},"in2DMode":false,"pivot":{"x":0.8418731689453125,"y":-13.69297981262207,"z":48.95448684692383},"rotation":{"x":-0.1763729602098465,"y":-0.009746717289090157,"z":0.00174691469874233,"w":-0.9842785596847534},"size":31.401399612426759,"orthographic":false}